Haris,Jonathan, Hariram,Lapeer,Malesh
11256,9151,2749,10609,12077
11737,4703,11806,11387,9303
12190,10073,3433,5322,14383
12034,13651,10447,11243,6442
9604,2050,10185,2876,9149
14018,10999,13603,4188,12697
14698,12038,1542,2413,9364
7616,2590,9604,10107,10050
11687,6461,3287,4645,9904
12326,3715,13777,11878,5886
3086,12603,5130,12206,10823
2360,8193,3592,9246,4681
13614,7684,10516,3372,12050
8445,13385,10730,3683,13417
8606,6968,8262,13412,8727
7534,9362,8814,12543,11763
6947,6271,6140,6574,1839
14433,12056,10606,7992,9413
8450,9386,3207,9354,9754
12456,6324,7273,11342,4260
5950,4963,9750,6758,5333
8829,6232,4127,13221,12132
3284,13373,7031,3890,6597
9035,13713,3968,9160,2533
2239,8049,5062,11652,12716
6753,9689,13405,12208,11427
13790,10599,3532,11650,6788
8685,2847,8270,12038,2283
4035,11776,13574,11175,1877
2735,11123,14490,4979,8110